Title,page_no,recitation_no,recitation,image_pages,ayet_sayisi,etiketler,sureler
Sayfa 1,1,1,public://quran_audio/alafasy-Sayfa001.mp3,public://quran_images/sayfa-001.png,7,,
Sayfa 2,2,1,public://quran_audio/alafasy-Sayfa002.mp3,public://quran_images/sayfa-002.png,5,,
Sayfa 3,3,1,public://quran_audio/alafasy-Sayfa003.mp3,public://quran_images/sayfa-003.png,11,,
Sayfa 4,4,1,public://quran_audio/alafasy-Sayfa004.mp3,public://quran_images/sayfa-004.png,8,,
Sayfa 5,5,1,public://quran_audio/alafasy-Sayfa005.mp3,public://quran_images/sayfa-005.png,5,,
Sayfa 6,6,1,public://quran_audio/alafasy-Sayfa006.mp3,public://quran_images/sayfa-006.png,8,,
Sayfa 7,7,1,public://quran_audio/alafasy-Sayfa007.mp3,public://quran_images/sayfa-007.png,11,,
Sayfa 8,8,1,public://quran_audio/alafasy-Sayfa008.mp3,public://quran_images/sayfa-008.png,9,,
Sayfa 9,9,1,public://quran_audio/alafasy-Sayfa009.mp3,public://quran_images/sayfa-009.png,4,,
Sayfa 10,10,1,public://quran_audio/alafasy-Sayfa010.mp3,public://quran_images/sayfa-010.png,8,,
Sayfa 11,11,1,public://quran_audio/alafasy-Sayfa011.mp3,public://quran_images/sayfa-011.png,7,,
Sayfa 12,12,1,public://quran_audio/alafasy-Sayfa012.mp3,public://quran_images/sayfa-012.png,7,,
Sayfa 13,13,1,public://quran_audio/alafasy-Sayfa013.mp3,public://quran_images/sayfa-013.png,5,,
Sayfa 14,14,1,public://quran_audio/alafasy-Sayfa014.mp3,public://quran_images/sayfa-014.png,5,,
Sayfa 15,15,1,public://quran_audio/alafasy-Sayfa015.mp3,public://quran_images/sayfa-015.png,8,,
Sayfa 16,16,1,public://quran_audio/alafasy-Sayfa016.mp3,public://quran_images/sayfa-016.png,4,,
Sayfa 17,17,1,public://quran_audio/alafasy-Sayfa017.mp3,public://quran_images/sayfa-017.png,7,,
Sayfa 18,18,1,public://quran_audio/alafasy-Sayfa018.mp3,public://quran_images/sayfa-018.png,7,,
Sayfa 19,19,1,public://quran_audio/alafasy-Sayfa019.mp3,public://quran_images/sayfa-019.png,7,,
Sayfa 20,20,1,public://quran_audio/alafasy-Sayfa020.mp3,public://quran_images/sayfa-020.png,8,,
Sayfa 21,21,1,public://quran_audio/alafasy-Sayfa021.mp3,public://quran_images/sayfa-021.png,7,,
Sayfa 22,22,1,public://quran_audio/alafasy-Sayfa022.mp3,public://quran_images/sayfa-022.png,4,,
Sayfa 23,23,1,public://quran_audio/alafasy-Sayfa023.mp3,public://quran_images/sayfa-023.png,8,,
Sayfa 24,24,1,public://quran_audio/alafasy-Sayfa024.mp3,public://quran_images/sayfa-024.png,10,,
Sayfa 25,25,1,public://quran_audio/alafasy-Sayfa025.mp3,public://quran_images/sayfa-025.png,6,,
Sayfa 26,26,1,public://quran_audio/alafasy-Sayfa026.mp3,public://quran_images/sayfa-026.png,7,,
Sayfa 27,27,1,public://quran_audio/alafasy-Sayfa027.mp3,public://quran_images/sayfa-027.png,5,,
Sayfa 28,28,1,public://quran_audio/alafasy-Sayfa028.mp3,public://quran_images/sayfa-028.png,5,,
Sayfa 29,29,1,public://quran_audio/alafasy-Sayfa029.mp3,public://quran_images/sayfa-029.png,4,,
Sayfa 30,30,1,public://quran_audio/alafasy-Sayfa030.mp3,public://quran_images/sayfa-030.png,6,,
Sayfa 31,31,1,public://quran_audio/alafasy-Sayfa031.mp3,public://quran_images/sayfa-031.png,6,,
Sayfa 32,32,1,public://quran_audio/alafasy-Sayfa032.mp3,public://quran_images/sayfa-032.png,8,,
Sayfa 33,33,1,public://quran_audio/alafasy-Sayfa033.mp3,public://quran_images/sayfa-033.png,5,,
Sayfa 34,34,1,public://quran_audio/alafasy-Sayfa034.mp3,public://quran_images/sayfa-034.png,4,,
Sayfa 35,35,1,public://quran_audio/alafasy-Sayfa035.mp3,public://quran_images/sayfa-035.png,5,,
Sayfa 36,36,1,public://quran_audio/alafasy-Sayfa036.mp3,public://quran_images/sayfa-036.png,6,,
Sayfa 37,37,1,public://quran_audio/alafasy-Sayfa037.mp3,public://quran_images/sayfa-037.png,3,,
Sayfa 38,38,1,public://quran_audio/alafasy-Sayfa038.mp3,public://quran_images/sayfa-038.png,4,,
Sayfa 39,39,1,public://quran_audio/alafasy-Sayfa039.mp3,public://quran_images/sayfa-039.png,8,,
Sayfa 40,40,1,public://quran_audio/alafasy-Sayfa040.mp3,public://quran_images/sayfa-040.png,3,,
Sayfa 41,41,1,public://quran_audio/alafasy-Sayfa041.mp3,public://quran_images/sayfa-041.png,4,,
Sayfa 42,42,1,public://quran_audio/alafasy-Sayfa042.mp3,public://quran_images/sayfa-042.png,4,,
Sayfa 43,43,1,public://quran_audio/alafasy-Sayfa043.mp3,public://quran_images/sayfa-043.png,3,,
Sayfa 44,44,1,public://quran_audio/alafasy-Sayfa044.mp3,public://quran_images/sayfa-044.png,5,,
Sayfa 45,45,1,public://quran_audio/alafasy-Sayfa045.mp3,public://quran_images/sayfa-045.png,5,,
Sayfa 46,46,1,public://quran_audio/alafasy-Sayfa046.mp3,public://quran_images/sayfa-046.png,5,,
Sayfa 47,47,1,public://quran_audio/alafasy-Sayfa047.mp3,public://quran_images/sayfa-047.png,7,,
Sayfa 48,48,1,public://quran_audio/alafasy-Sayfa048.mp3,public://quran_images/sayfa-048.png,1,,
Sayfa 49,49,1,public://quran_audio/alafasy-Sayfa049.mp3,public://quran_images/sayfa-049.png,4,,
Sayfa 50,50,1,public://quran_audio/alafasy-Sayfa050.mp3,public://quran_images/sayfa-050.png,9,,
Sayfa 51,51,1,public://quran_audio/alafasy-Sayfa051.mp3,public://quran_images/sayfa-051.png,6,,
Sayfa 52,52,1,public://quran_audio/alafasy-Sayfa052.mp3,public://quran_images/sayfa-052.png,7,,
Sayfa 53,53,1,public://quran_audio/alafasy-Sayfa053.mp3,public://quran_images/sayfa-053.png,7,,
Sayfa 54,54,1,public://quran_audio/alafasy-Sayfa054.mp3,public://quran_images/sayfa-054.png,8,,
Sayfa 55,55,1,public://quran_audio/alafasy-Sayfa055.mp3,public://quran_images/sayfa-055.png,8,,
Sayfa 56,56,1,public://quran_audio/alafasy-Sayfa056.mp3,public://quran_images/sayfa-056.png,7,,
Sayfa 57,57,1,public://quran_audio/alafasy-Sayfa057.mp3,public://quran_images/sayfa-057.png,9,,
Sayfa 58,58,1,public://quran_audio/alafasy-Sayfa058.mp3,public://quran_images/sayfa-058.png,9,,
Sayfa 59,59,1,public://quran_audio/alafasy-Sayfa059.mp3,public://quran_images/sayfa-059.png,7,,
Sayfa 60,60,1,public://quran_audio/alafasy-Sayfa060.mp3,public://quran_images/sayfa-060.png,6,,
Sayfa 61,61,1,public://quran_audio/alafasy-Sayfa061.mp3,public://quran_images/sayfa-061.png,8,,
Sayfa 62,62,1,public://quran_audio/alafasy-Sayfa062.mp3,public://quran_images/sayfa-062.png,9,,
Sayfa 63,63,1,public://quran_audio/alafasy-Sayfa063.mp3,public://quran_images/sayfa-063.png,8,,
Sayfa 64,64,1,public://quran_audio/alafasy-Sayfa064.mp3,public://quran_images/sayfa-064.png,7,,
Sayfa 65,65,1,public://quran_audio/alafasy-Sayfa065.mp3,public://quran_images/sayfa-065.png,6,,
Sayfa 66,66,1,public://quran_audio/alafasy-Sayfa066.mp3,public://quran_images/sayfa-066.png,11,,
Sayfa 67,67,1,public://quran_audio/alafasy-Sayfa067.mp3,public://quran_images/sayfa-067.png,8,,
Sayfa 68,68,1,public://quran_audio/alafasy-Sayfa068.mp3,public://quran_images/sayfa-068.png,8,,
Sayfa 69,69,1,public://quran_audio/alafasy-Sayfa069.mp3,public://quran_images/sayfa-069.png,5,,
Sayfa 70,70,1,public://quran_audio/alafasy-Sayfa070.mp3,public://quran_images/sayfa-070.png,4,,
Sayfa 71,71,1,public://quran_audio/alafasy-Sayfa071.mp3,public://quran_images/sayfa-071.png,8,,
Sayfa 72,72,1,public://quran_audio/alafasy-Sayfa072.mp3,public://quran_images/sayfa-072.png,8,,
Sayfa 73,73,1,public://quran_audio/alafasy-Sayfa073.mp3,public://quran_images/sayfa-073.png,7,,
Sayfa 74,74,1,public://quran_audio/alafasy-Sayfa074.mp3,public://quran_images/sayfa-074.png,6,,
Sayfa 75,75,1,public://quran_audio/alafasy-Sayfa075.mp3,public://quran_images/sayfa-075.png,8,,
Sayfa 76,76,1,public://quran_audio/alafasy-Sayfa076.mp3,public://quran_images/sayfa-076.png,6,,
Sayfa 77,77,1,public://quran_audio/alafasy-Sayfa077.mp3,public://quran_images/sayfa-077.png,6,,
Sayfa 78,78,1,public://quran_audio/alafasy-Sayfa078.mp3,public://quran_images/sayfa-078.png,5,,
Sayfa 79,79,1,public://quran_audio/alafasy-Sayfa079.mp3,public://quran_images/sayfa-079.png,3,,
Sayfa 80,80,1,public://quran_audio/alafasy-Sayfa080.mp3,public://quran_images/sayfa-080.png,5,,
Sayfa 81,81,1,public://quran_audio/alafasy-Sayfa081.mp3,public://quran_images/sayfa-081.png,4,,
Sayfa 82,82,1,public://quran_audio/alafasy-Sayfa082.mp3,public://quran_images/sayfa-082.png,3,,
Sayfa 83,83,1,public://quran_audio/alafasy-Sayfa083.mp3,public://quran_images/sayfa-083.png,7,,
Sayfa 84,84,1,public://quran_audio/alafasy-Sayfa084.mp3,public://quran_images/sayfa-084.png,4,,
Sayfa 85,85,1,public://quran_audio/alafasy-Sayfa085.mp3,public://quran_images/sayfa-085.png,7,,
Sayfa 86,86,1,public://quran_audio/alafasy-Sayfa086.mp3,public://quran_images/sayfa-086.png,7,,
Sayfa 87,87,1,public://quran_audio/alafasy-Sayfa087.mp3,public://quran_images/sayfa-087.png,8,,
Sayfa 88,88,1,public://quran_audio/alafasy-Sayfa088.mp3,public://quran_images/sayfa-088.png,6,,
Sayfa 89,89,1,public://quran_audio/alafasy-Sayfa089.mp3,public://quran_images/sayfa-089.png,9,,
Sayfa 90,90,1,public://quran_audio/alafasy-Sayfa090.mp3,public://quran_images/sayfa-090.png,5,,
Sayfa 91,91,1,public://quran_audio/alafasy-Sayfa091.mp3,public://quran_images/sayfa-091.png,7,,
Sayfa 92,92,1,public://quran_audio/alafasy-Sayfa092.mp3,public://quran_images/sayfa-092.png,5,,
Sayfa 93,93,1,public://quran_audio/alafasy-Sayfa093.mp3,public://quran_images/sayfa-093.png,3,,
Sayfa 94,94,1,public://quran_audio/alafasy-Sayfa094.mp3,public://quran_images/sayfa-094.png,7,,
Sayfa 95,95,1,public://quran_audio/alafasy-Sayfa095.mp3,public://quran_images/sayfa-095.png,4,,
Sayfa 96,96,1,public://quran_audio/alafasy-Sayfa096.mp3,public://quran_images/sayfa-096.png,8,,
Sayfa 97,97,1,public://quran_audio/alafasy-Sayfa097.mp3,public://quran_images/sayfa-097.png,8,,
Sayfa 98,98,1,public://quran_audio/alafasy-Sayfa098.mp3,public://quran_images/sayfa-098.png,6,,
Sayfa 99,99,1,public://quran_audio/alafasy-Sayfa099.mp3,public://quran_images/sayfa-099.png,7,,
Sayfa 100,100,1,public://quran_audio/alafasy-Sayfa100.mp3,public://quran_images/sayfa-100.png,6,,
Sayfa 101,101,1,public://quran_audio/alafasy-Sayfa101.mp3,public://quran_images/sayfa-101.png,7,,
Sayfa 102,102,1,public://quran_audio/alafasy-Sayfa102.mp3,public://quran_images/sayfa-102.png,7,,
Sayfa 103,103,1,public://quran_audio/alafasy-Sayfa103.mp3,public://quran_images/sayfa-103.png,8,,
Sayfa 104,104,1,public://quran_audio/alafasy-Sayfa104.mp3,public://quran_images/sayfa-104.png,8,,
Sayfa 105,105,1,public://quran_audio/alafasy-Sayfa105.mp3,public://quran_images/sayfa-105.png,5,,
Sayfa 106,106,1,public://quran_audio/alafasy-Sayfa106.mp3,public://quran_images/sayfa-106.png,3,,
Sayfa 107,107,1,public://quran_audio/alafasy-Sayfa107.mp3,public://quran_images/sayfa-107.png,3,,
Sayfa 108,108,1,public://quran_audio/alafasy-Sayfa108.mp3,public://quran_images/sayfa-108.png,4,,
Sayfa 109,109,1,public://quran_audio/alafasy-Sayfa109.mp3,public://quran_images/sayfa-109.png,4,,
Sayfa 110,110,1,public://quran_audio/alafasy-Sayfa110.mp3,public://quran_images/sayfa-110.png,4,,
Sayfa 111,111,1,public://quran_audio/alafasy-Sayfa111.mp3,public://quran_images/sayfa-111.png,6,,
Sayfa 112,112,1,public://quran_audio/alafasy-Sayfa112.mp3,public://quran_images/sayfa-112.png,8,,
Sayfa 113,113,1,public://quran_audio/alafasy-Sayfa113.mp3,public://quran_images/sayfa-113.png,5,,
Sayfa 114,114,1,public://quran_audio/alafasy-Sayfa114.mp3,public://quran_images/sayfa-114.png,5,,
Sayfa 115,115,1,public://quran_audio/alafasy-Sayfa115.mp3,public://quran_images/sayfa-115.png,4,,
Sayfa 116,116,1,public://quran_audio/alafasy-Sayfa116.mp3,public://quran_images/sayfa-116.png,5,,
Sayfa 117,117,1,public://quran_audio/alafasy-Sayfa117.mp3,public://quran_images/sayfa-117.png,7,,
Sayfa 118,118,1,public://quran_audio/alafasy-Sayfa118.mp3,public://quran_images/sayfa-118.png,7,,
Sayfa 119,119,1,public://quran_audio/alafasy-Sayfa119.mp3,public://quran_images/sayfa-119.png,6,,
Sayfa 120,120,1,public://quran_audio/alafasy-Sayfa120.mp3,public://quran_images/sayfa-120.png,7,,
Sayfa 121,121,1,public://quran_audio/alafasy-Sayfa121.mp3,public://quran_images/sayfa-121.png,6,,
Sayfa 122,122,1,public://quran_audio/alafasy-Sayfa122.mp3,public://quran_images/sayfa-122.png,7,,
Sayfa 123,123,1,public://quran_audio/alafasy-Sayfa123.mp3,public://quran_images/sayfa-123.png,5,,
Sayfa 124,124,1,public://quran_audio/alafasy-Sayfa124.mp3,public://quran_images/sayfa-124.png,8,,
Sayfa 125,125,1,public://quran_audio/alafasy-Sayfa125.mp3,public://quran_images/sayfa-125.png,5,,
Sayfa 126,126,1,public://quran_audio/alafasy-Sayfa126.mp3,public://quran_images/sayfa-126.png,5,,
Sayfa 127,127,1,public://quran_audio/alafasy-Sayfa127.mp3,public://quran_images/sayfa-127.png,7,,
Sayfa 128,128,1,public://quran_audio/alafasy-Sayfa128.mp3,public://quran_images/sayfa-128.png,8,,
Sayfa 129,129,1,public://quran_audio/alafasy-Sayfa129.mp3,public://quran_images/sayfa-129.png,10,,
Sayfa 130,130,1,public://quran_audio/alafasy-Sayfa130.mp3,public://quran_images/sayfa-130.png,9,,
Sayfa 131,131,1,public://quran_audio/alafasy-Sayfa131.mp3,public://quran_images/sayfa-131.png,8,,
Sayfa 132,132,1,public://quran_audio/alafasy-Sayfa132.mp3,public://quran_images/sayfa-132.png,9,,
Sayfa 133,133,1,public://quran_audio/alafasy-Sayfa133.mp3,public://quran_images/sayfa-133.png,8,,
Sayfa 134,134,1,public://quran_audio/alafasy-Sayfa134.mp3,public://quran_images/sayfa-134.png,7,,
Sayfa 135,135,1,public://quran_audio/alafasy-Sayfa135.mp3,public://quran_images/sayfa-135.png,9,,
Sayfa 136,136,1,public://quran_audio/alafasy-Sayfa136.mp3,public://quran_images/sayfa-136.png,5,,
Sayfa 137,137,1,public://quran_audio/alafasy-Sayfa137.mp3,public://quran_images/sayfa-137.png,8,,
Sayfa 138,138,1,public://quran_audio/alafasy-Sayfa138.mp3,public://quran_images/sayfa-138.png,9,,
Sayfa 139,139,1,public://quran_audio/alafasy-Sayfa139.mp3,public://quran_images/sayfa-139.png,4,,
Sayfa 140,140,1,public://quran_audio/alafasy-Sayfa140.mp3,public://quran_images/sayfa-140.png,7,,
Sayfa 141,141,1,public://quran_audio/alafasy-Sayfa141.mp3,public://quran_images/sayfa-141.png,9,,
Sayfa 142,142,1,public://quran_audio/alafasy-Sayfa142.mp3,public://quran_images/sayfa-142.png,8,,
Sayfa 143,143,1,public://quran_audio/alafasy-Sayfa143.mp3,public://quran_images/sayfa-143.png,6,,
Sayfa 144,144,1,public://quran_audio/alafasy-Sayfa144.mp3,public://quran_images/sayfa-144.png,6,,
Sayfa 145,145,1,public://quran_audio/alafasy-Sayfa145.mp3,public://quran_images/sayfa-145.png,7,,
Sayfa 146,146,1,public://quran_audio/alafasy-Sayfa146.mp3,public://quran_images/sayfa-146.png,5,,
Sayfa 147,147,1,public://quran_audio/alafasy-Sayfa147.mp3,public://quran_images/sayfa-147.png,4,,
Sayfa 148,148,1,public://quran_audio/alafasy-Sayfa148.mp3,public://quran_images/sayfa-148.png,5,,
Sayfa 149,149,1,public://quran_audio/alafasy-Sayfa149.mp3,public://quran_images/sayfa-149.png,6,,
Sayfa 150,150,1,public://quran_audio/alafasy-Sayfa150.mp3,public://quran_images/sayfa-150.png,8,,
Sayfa 151,151,1,public://quran_audio/alafasy-Sayfa151.mp3,public://quran_images/sayfa-151.png,11,,
Sayfa 152,152,1,public://quran_audio/alafasy-Sayfa152.mp3,public://quran_images/sayfa-152.png,11,,
Sayfa 153,153,1,public://quran_audio/alafasy-Sayfa153.mp3,public://quran_images/sayfa-153.png,8,,
Sayfa 154,154,1,public://quran_audio/alafasy-Sayfa154.mp3,public://quran_images/sayfa-154.png,7,,
Sayfa 155,155,1,public://quran_audio/alafasy-Sayfa155.mp3,public://quran_images/sayfa-155.png,6,,
Sayfa 156,156,1,public://quran_audio/alafasy-Sayfa156.mp3,public://quran_images/sayfa-156.png,8,,
Sayfa 157,157,1,public://quran_audio/alafasy-Sayfa157.mp3,public://quran_images/sayfa-157.png,6,,
Sayfa 158,158,1,public://quran_audio/alafasy-Sayfa158.mp3,public://quran_images/sayfa-158.png,10,,
Sayfa 159,159,1,public://quran_audio/alafasy-Sayfa159.mp3,public://quran_images/sayfa-159.png,6,,
Sayfa 160,160,1,public://quran_audio/alafasy-Sayfa160.mp3,public://quran_images/sayfa-160.png,8,,
Sayfa 161,161,1,public://quran_audio/alafasy-Sayfa161.mp3,public://quran_images/sayfa-161.png,6,,
Sayfa 162,162,1,public://quran_audio/alafasy-Sayfa162.mp3,public://quran_images/sayfa-162.png,8,,
Sayfa 163,163,1,public://quran_audio/alafasy-Sayfa163.mp3,public://quran_images/sayfa-163.png,9,,
Sayfa 164,164,1,public://quran_audio/alafasy-Sayfa164.mp3,public://quran_images/sayfa-164.png,16,,
Sayfa 165,165,1,public://quran_audio/alafasy-Sayfa165.mp3,public://quran_images/sayfa-165.png,10,,
Sayfa 166,166,1,public://quran_audio/alafasy-Sayfa166.mp3,public://quran_images/sayfa-166.png,7,,
Sayfa 167,167,1,public://quran_audio/alafasy-Sayfa167.mp3,public://quran_images/sayfa-167.png,6,,
Sayfa 168,168,1,public://quran_audio/alafasy-Sayfa168.mp3,public://quran_images/sayfa-168.png,6,,
Sayfa 169,169,1,public://quran_audio/alafasy-Sayfa169.mp3,public://quran_images/sayfa-169.png,6,,
Sayfa 170,170,1,public://quran_audio/alafasy-Sayfa170.mp3,public://quran_images/sayfa-170.png,4,,
Sayfa 171,171,1,public://quran_audio/alafasy-Sayfa171.mp3,public://quran_images/sayfa-171.png,4,,
Sayfa 172,172,1,public://quran_audio/alafasy-Sayfa172.mp3,public://quran_images/sayfa-172.png,7,,
Sayfa 173,173,1,public://quran_audio/alafasy-Sayfa173.mp3,public://quran_images/sayfa-173.png,8,,
Sayfa 174,174,1,public://quran_audio/alafasy-Sayfa174.mp3,public://quran_images/sayfa-174.png,9,,
Sayfa 175,175,1,public://quran_audio/alafasy-Sayfa175.mp3,public://quran_images/sayfa-175.png,8,,
Sayfa 176,176,1,public://quran_audio/alafasy-Sayfa176.mp3,public://quran_images/sayfa-176.png,11,,
Sayfa 177,177,1,public://quran_audio/alafasy-Sayfa177.mp3,public://quran_images/sayfa-177.png,8,,
Sayfa 178,178,1,public://quran_audio/alafasy-Sayfa178.mp3,public://quran_images/sayfa-178.png,8,,
Sayfa 179,179,1,public://quran_audio/alafasy-Sayfa179.mp3,public://quran_images/sayfa-179.png,9,,
Sayfa 180,180,1,public://quran_audio/alafasy-Sayfa180.mp3,public://quran_images/sayfa-180.png,8,,
Sayfa 181,181,1,public://quran_audio/alafasy-Sayfa181.mp3,public://quran_images/sayfa-181.png,7,,
Sayfa 182,182,1,public://quran_audio/alafasy-Sayfa182.mp3,public://quran_images/sayfa-182.png,5,,
Sayfa 183,183,1,public://quran_audio/alafasy-Sayfa183.mp3,public://quran_images/sayfa-183.png,7,,
Sayfa 184,184,1,public://quran_audio/alafasy-Sayfa184.mp3,public://quran_images/sayfa-184.png,9,,
Sayfa 185,185,1,public://quran_audio/alafasy-Sayfa185.mp3,public://quran_images/sayfa-185.png,8,,
Sayfa 186,186,1,public://quran_audio/alafasy-Sayfa186.mp3,public://quran_images/sayfa-186.png,6,,
Sayfa 187,187,1,public://quran_audio/alafasy-Sayfa187.mp3,public://quran_images/sayfa-187.png,6,,
Sayfa 188,188,1,public://quran_audio/alafasy-Sayfa188.mp3,public://quran_images/sayfa-188.png,7,,
Sayfa 189,189,1,public://quran_audio/alafasy-Sayfa189.mp3,public://quran_images/sayfa-189.png,7,,
Sayfa 190,190,1,public://quran_audio/alafasy-Sayfa190.mp3,public://quran_images/sayfa-190.png,6,,
Sayfa 191,191,1,public://quran_audio/alafasy-Sayfa191.mp3,public://quran_images/sayfa-191.png,5,,
Sayfa 192,192,1,public://quran_audio/alafasy-Sayfa192.mp3,public://quran_images/sayfa-192.png,5,,
Sayfa 193,193,1,public://quran_audio/alafasy-Sayfa193.mp3,public://quran_images/sayfa-193.png,4,,
Sayfa 194,194,1,public://quran_audio/alafasy-Sayfa194.mp3,public://quran_images/sayfa-194.png,7,,
Sayfa 195,195,1,public://quran_audio/alafasy-Sayfa195.mp3,public://quran_images/sayfa-195.png,7,,
Sayfa 196,196,1,public://quran_audio/alafasy-Sayfa196.mp3,public://quran_images/sayfa-196.png,7,,
Sayfa 197,197,1,public://quran_audio/alafasy-Sayfa197.mp3,public://quran_images/sayfa-197.png,7,,
Sayfa 198,198,1,public://quran_audio/alafasy-Sayfa198.mp3,public://quran_images/sayfa-198.png,4,,
Sayfa 199,199,1,public://quran_audio/alafasy-Sayfa199.mp3,public://quran_images/sayfa-199.png,7,,
Sayfa 200,200,1,public://quran_audio/alafasy-Sayfa200.mp3,public://quran_images/sayfa-200.png,7,,
Sayfa 201,201,1,public://quran_audio/alafasy-Sayfa201.mp3,public://quran_images/sayfa-201.png,7,,
Sayfa 202,202,1,public://quran_audio/alafasy-Sayfa202.mp3,public://quran_images/sayfa-202.png,6,,
Sayfa 203,203,1,public://quran_audio/alafasy-Sayfa203.mp3,public://quran_images/sayfa-203.png,7,,
Sayfa 204,204,1,public://quran_audio/alafasy-Sayfa204.mp3,public://quran_images/sayfa-204.png,5,,
Sayfa 205,205,1,public://quran_audio/alafasy-Sayfa205.mp3,public://quran_images/sayfa-205.png,6,,
Sayfa 206,206,1,public://quran_audio/alafasy-Sayfa206.mp3,public://quran_images/sayfa-206.png,5,,
Sayfa 207,207,1,public://quran_audio/alafasy-Sayfa207.mp3,public://quran_images/sayfa-207.png,7,,
Sayfa 208,208,1,public://quran_audio/alafasy-Sayfa208.mp3,public://quran_images/sayfa-208.png,6,,
Sayfa 209,209,1,public://quran_audio/alafasy-Sayfa209.mp3,public://quran_images/sayfa-209.png,8,,
Sayfa 210,210,1,public://quran_audio/alafasy-Sayfa210.mp3,public://quran_images/sayfa-210.png,6,,
Sayfa 211,211,1,public://quran_audio/alafasy-Sayfa211.mp3,public://quran_images/sayfa-211.png,5,,
Sayfa 212,212,1,public://quran_audio/alafasy-Sayfa212.mp3,public://quran_images/sayfa-212.png,8,,
Sayfa 213,213,1,public://quran_audio/alafasy-Sayfa213.mp3,public://quran_images/sayfa-213.png,9,,
Sayfa 214,214,1,public://quran_audio/alafasy-Sayfa214.mp3,public://quran_images/sayfa-214.png,11,,
Sayfa 215,215,1,public://quran_audio/alafasy-Sayfa215.mp3,public://quran_images/sayfa-215.png,8,,
Sayfa 216,216,1,public://quran_audio/alafasy-Sayfa216.mp3,public://quran_images/sayfa-216.png,9,,
Sayfa 217,217,1,public://quran_audio/alafasy-Sayfa217.mp3,public://quran_images/sayfa-217.png,8,,
Sayfa 218,218,1,public://quran_audio/alafasy-Sayfa218.mp3,public://quran_images/sayfa-218.png,10,,
Sayfa 219,219,1,public://quran_audio/alafasy-Sayfa219.mp3,public://quran_images/sayfa-219.png,9,,
Sayfa 220,220,1,public://quran_audio/alafasy-Sayfa220.mp3,public://quran_images/sayfa-220.png,9,,
Sayfa 221,221,1,public://quran_audio/alafasy-Sayfa221.mp3,public://quran_images/sayfa-221.png,8,,
Sayfa 222,222,1,public://quran_audio/alafasy-Sayfa222.mp3,public://quran_images/sayfa-222.png,7,,
Sayfa 223,223,1,public://quran_audio/alafasy-Sayfa223.mp3,public://quran_images/sayfa-223.png,7,,
Sayfa 224,224,1,public://quran_audio/alafasy-Sayfa224.mp3,public://quran_images/sayfa-224.png,9,,
Sayfa 225,225,1,public://quran_audio/alafasy-Sayfa225.mp3,public://quran_images/sayfa-225.png,9,,
Sayfa 226,226,1,public://quran_audio/alafasy-Sayfa226.mp3,public://quran_images/sayfa-226.png,8,,
Sayfa 227,227,1,public://quran_audio/alafasy-Sayfa227.mp3,public://quran_images/sayfa-227.png,8,,
Sayfa 228,228,1,public://quran_audio/alafasy-Sayfa228.mp3,public://quran_images/sayfa-228.png,9,,
Sayfa 229,229,1,public://quran_audio/alafasy-Sayfa229.mp3,public://quran_images/sayfa-229.png,9,,
Sayfa 230,230,1,public://quran_audio/alafasy-Sayfa230.mp3,public://quran_images/sayfa-230.png,10,,
Sayfa 231,231,1,public://quran_audio/alafasy-Sayfa231.mp3,public://quran_images/sayfa-231.png,7,,
Sayfa 232,232,1,public://quran_audio/alafasy-Sayfa232.mp3,public://quran_images/sayfa-232.png,9,,
Sayfa 233,233,1,public://quran_audio/alafasy-Sayfa233.mp3,public://quran_images/sayfa-233.png,11,,
Sayfa 234,234,1,public://quran_audio/alafasy-Sayfa234.mp3,public://quran_images/sayfa-234.png,9,,
Sayfa 235,235,1,public://quran_audio/alafasy-Sayfa235.mp3,public://quran_images/sayfa-235.png,10,,
Sayfa 236,236,1,public://quran_audio/alafasy-Sayfa236.mp3,public://quran_images/sayfa-236.png,10,,
Sayfa 237,237,1,public://quran_audio/alafasy-Sayfa237.mp3,public://quran_images/sayfa-237.png,8,,
Sayfa 238,238,1,public://quran_audio/alafasy-Sayfa238.mp3,public://quran_images/sayfa-238.png,8,,
Sayfa 239,239,1,public://quran_audio/alafasy-Sayfa239.mp3,public://quran_images/sayfa-239.png,7,,
Sayfa 240,240,1,public://quran_audio/alafasy-Sayfa240.mp3,public://quran_images/sayfa-240.png,6,,
Sayfa 241,241,1,public://quran_audio/alafasy-Sayfa241.mp3,public://quran_images/sayfa-241.png,9,,
Sayfa 242,242,1,public://quran_audio/alafasy-Sayfa242.mp3,public://quran_images/sayfa-242.png,11,,
Sayfa 243,243,1,public://quran_audio/alafasy-Sayfa243.mp3,public://quran_images/sayfa-243.png,6,,
Sayfa 244,244,1,public://quran_audio/alafasy-Sayfa244.mp3,public://quran_images/sayfa-244.png,9,,
Sayfa 245,245,1,public://quran_audio/alafasy-Sayfa245.mp3,public://quran_images/sayfa-245.png,8,,
Sayfa 246,246,1,public://quran_audio/alafasy-Sayfa246.mp3,public://quran_images/sayfa-246.png,9,,
Sayfa 247,247,1,public://quran_audio/alafasy-Sayfa247.mp3,public://quran_images/sayfa-247.png,8,,
Sayfa 248,248,1,public://quran_audio/alafasy-Sayfa248.mp3,public://quran_images/sayfa-248.png,8,,
Sayfa 249,249,1,public://quran_audio/alafasy-Sayfa249.mp3,public://quran_images/sayfa-249.png,5,,
Sayfa 250,250,1,public://quran_audio/alafasy-Sayfa250.mp3,public://quran_images/sayfa-250.png,8,,
Sayfa 251,251,1,public://quran_audio/alafasy-Sayfa251.mp3,public://quran_images/sayfa-251.png,5,,
Sayfa 252,252,1,public://quran_audio/alafasy-Sayfa252.mp3,public://quran_images/sayfa-252.png,10,,
Sayfa 253,253,1,public://quran_audio/alafasy-Sayfa253.mp3,public://quran_images/sayfa-253.png,6,,
Sayfa 254,254,1,public://quran_audio/alafasy-Sayfa254.mp3,public://quran_images/sayfa-254.png,8,,
Sayfa 255,255,1,public://quran_audio/alafasy-Sayfa255.mp3,public://quran_images/sayfa-255.png,6,,
Sayfa 256,256,1,public://quran_audio/alafasy-Sayfa256.mp3,public://quran_images/sayfa-256.png,5,,
Sayfa 257,257,1,public://quran_audio/alafasy-Sayfa257.mp3,public://quran_images/sayfa-257.png,8,,
Sayfa 258,258,1,public://quran_audio/alafasy-Sayfa258.mp3,public://quran_images/sayfa-258.png,6,,
Sayfa 259,259,1,public://quran_audio/alafasy-Sayfa259.mp3,public://quran_images/sayfa-259.png,9,,
Sayfa 260,260,1,public://quran_audio/alafasy-Sayfa260.mp3,public://quran_images/sayfa-260.png,9,,
Sayfa 261,261,1,public://quran_audio/alafasy-Sayfa261.mp3,public://quran_images/sayfa-261.png,10,,
Sayfa 262,262,1,public://quran_audio/alafasy-Sayfa262.mp3,public://quran_images/sayfa-262.png,15,,
Sayfa 263,263,1,public://quran_audio/alafasy-Sayfa263.mp3,public://quran_images/sayfa-263.png,16,,
Sayfa 264,264,1,public://quran_audio/alafasy-Sayfa264.mp3,public://quran_images/sayfa-264.png,20,,
Sayfa 265,265,1,public://quran_audio/alafasy-Sayfa265.mp3,public://quran_images/sayfa-265.png,19,,
Sayfa 266,266,1,public://quran_audio/alafasy-Sayfa266.mp3,public://quran_images/sayfa-266.png,20,,
Sayfa 267,267,1,public://quran_audio/alafasy-Sayfa267.mp3,public://quran_images/sayfa-267.png,15,,
Sayfa 268,268,1,public://quran_audio/alafasy-Sayfa268.mp3,public://quran_images/sayfa-268.png,8,,
Sayfa 269,269,1,public://quran_audio/alafasy-Sayfa269.mp3,public://quran_images/sayfa-269.png,12,,
Sayfa 270,270,1,public://quran_audio/alafasy-Sayfa270.mp3,public://quran_images/sayfa-270.png,8,,
Sayfa 271,271,1,public://quran_audio/alafasy-Sayfa271.mp3,public://quran_images/sayfa-271.png,8,,
Sayfa 272,272,1,public://quran_audio/alafasy-Sayfa272.mp3,public://quran_images/sayfa-272.png,12,,
Sayfa 273,273,1,public://quran_audio/alafasy-Sayfa273.mp3,public://quran_images/sayfa-273.png,10,,
Sayfa 274,274,1,public://quran_audio/alafasy-Sayfa274.mp3,public://quran_images/sayfa-274.png,8,,
Sayfa 275,275,1,public://quran_audio/alafasy-Sayfa275.mp3,public://quran_images/sayfa-275.png,7,,
Sayfa 276,276,1,public://quran_audio/alafasy-Sayfa276.mp3,public://quran_images/sayfa-276.png,8,,
Sayfa 277,277,1,public://quran_audio/alafasy-Sayfa277.mp3,public://quran_images/sayfa-277.png,6,,
Sayfa 278,278,1,public://quran_audio/alafasy-Sayfa278.mp3,public://quran_images/sayfa-278.png,9,,
Sayfa 279,279,1,public://quran_audio/alafasy-Sayfa279.mp3,public://quran_images/sayfa-279.png,8,,
Sayfa 280,280,1,public://quran_audio/alafasy-Sayfa280.mp3,public://quran_images/sayfa-280.png,8,,
Sayfa 281,281,1,public://quran_audio/alafasy-Sayfa281.mp3,public://quran_images/sayfa-281.png,10,,
Sayfa 282,282,1,public://quran_audio/alafasy-Sayfa282.mp3,public://quran_images/sayfa-282.png,7,,
Sayfa 283,283,1,public://quran_audio/alafasy-Sayfa283.mp3,public://quran_images/sayfa-283.png,10,,
Sayfa 284,284,1,public://quran_audio/alafasy-Sayfa284.mp3,public://quran_images/sayfa-284.png,10,,
Sayfa 285,285,1,public://quran_audio/alafasy-Sayfa285.mp3,public://quran_images/sayfa-285.png,11,,
Sayfa 286,286,1,public://quran_audio/alafasy-Sayfa286.mp3,public://quran_images/sayfa-286.png,11,,
Sayfa 287,287,1,public://quran_audio/alafasy-Sayfa287.mp3,public://quran_images/sayfa-287.png,9,,
Sayfa 288,288,1,public://quran_audio/alafasy-Sayfa288.mp3,public://quran_images/sayfa-288.png,8,,
Sayfa 289,289,1,public://quran_audio/alafasy-Sayfa289.mp3,public://quran_images/sayfa-289.png,9,,
Sayfa 290,290,1,public://quran_audio/alafasy-Sayfa290.mp3,public://quran_images/sayfa-290.png,11,,
Sayfa 291,291,1,public://quran_audio/alafasy-Sayfa291.mp3,public://quran_images/sayfa-291.png,10,,
Sayfa 292,292,1,public://quran_audio/alafasy-Sayfa292.mp3,public://quran_images/sayfa-292.png,8,,
Sayfa 293,293,1,public://quran_audio/alafasy-Sayfa293.mp3,public://quran_images/sayfa-293.png,11,,
Sayfa 294,294,1,public://quran_audio/alafasy-Sayfa294.mp3,public://quran_images/sayfa-294.png,11,,
Sayfa 295,295,1,public://quran_audio/alafasy-Sayfa295.mp3,public://quran_images/sayfa-295.png,5,,
Sayfa 296,296,1,public://quran_audio/alafasy-Sayfa296.mp3,public://quran_images/sayfa-296.png,7,,
Sayfa 297,297,1,public://quran_audio/alafasy-Sayfa297.mp3,public://quran_images/sayfa-297.png,7,,
Sayfa 298,298,1,public://quran_audio/alafasy-Sayfa298.mp3,public://quran_images/sayfa-298.png,11,,
Sayfa 299,299,1,public://quran_audio/alafasy-Sayfa299.mp3,public://quran_images/sayfa-299.png,8,,
Sayfa 300,300,1,public://quran_audio/alafasy-Sayfa300.mp3,public://quran_images/sayfa-300.png,8,,
Sayfa 301,301,1,public://quran_audio/alafasy-Sayfa301.mp3,public://quran_images/sayfa-301.png,13,,
Sayfa 302,302,1,public://quran_audio/alafasy-Sayfa302.mp3,public://quran_images/sayfa-302.png,9,,
Sayfa 303,303,1,public://quran_audio/alafasy-Sayfa303.mp3,public://quran_images/sayfa-303.png,14,,
Sayfa 304,304,1,public://quran_audio/alafasy-Sayfa304.mp3,public://quran_images/sayfa-304.png,13,,
Sayfa 305,305,1,public://quran_audio/alafasy-Sayfa305.mp3,public://quran_images/sayfa-305.png,11,,
Sayfa 306,306,1,public://quran_audio/alafasy-Sayfa306.mp3,public://quran_images/sayfa-306.png,14,,
Sayfa 307,307,1,public://quran_audio/alafasy-Sayfa307.mp3,public://quran_images/sayfa-307.png,13,,
Sayfa 308,308,1,public://quran_audio/alafasy-Sayfa308.mp3,public://quran_images/sayfa-308.png,13,,
Sayfa 309,309,1,public://quran_audio/alafasy-Sayfa309.mp3,public://quran_images/sayfa-309.png,13,,
Sayfa 310,310,1,public://quran_audio/alafasy-Sayfa310.mp3,public://quran_images/sayfa-310.png,12,,
Sayfa 311,311,1,public://quran_audio/alafasy-Sayfa311.mp3,public://quran_images/sayfa-311.png,19,,
Sayfa 312,312,1,public://quran_audio/alafasy-Sayfa312.mp3,public://quran_images/sayfa-312.png,15,,
Sayfa 313,313,1,public://quran_audio/alafasy-Sayfa313.mp3,public://quran_images/sayfa-313.png,25,,
Sayfa 314,314,1,public://quran_audio/alafasy-Sayfa314.mp3,public://quran_images/sayfa-314.png,14,,
Sayfa 315,315,1,public://quran_audio/alafasy-Sayfa315.mp3,public://quran_images/sayfa-315.png,13,,
Sayfa 316,316,1,public://quran_audio/alafasy-Sayfa316.mp3,public://quran_images/sayfa-316.png,12,,
Sayfa 317,317,1,public://quran_audio/alafasy-Sayfa317.mp3,public://quran_images/sayfa-317.png,11,,
Sayfa 318,318,1,public://quran_audio/alafasy-Sayfa318.mp3,public://quran_images/sayfa-318.png,11,,
Sayfa 319,319,1,public://quran_audio/alafasy-Sayfa319.mp3,public://quran_images/sayfa-319.png,15,,
Sayfa 320,320,1,public://quran_audio/alafasy-Sayfa320.mp3,public://quran_images/sayfa-320.png,12,,
Sayfa 321,321,1,public://quran_audio/alafasy-Sayfa321.mp3,public://quran_images/sayfa-321.png,10,,
Sayfa 322,322,1,public://quran_audio/alafasy-Sayfa322.mp3,public://quran_images/sayfa-322.png,10,,
Sayfa 323,323,1,public://quran_audio/alafasy-Sayfa323.mp3,public://quran_images/sayfa-323.png,14,,
Sayfa 324,324,1,public://quran_audio/alafasy-Sayfa324.mp3,public://quran_images/sayfa-324.png,11,,
Sayfa 325,325,1,public://quran_audio/alafasy-Sayfa325.mp3,public://quran_images/sayfa-325.png,9,,
Sayfa 326,326,1,public://quran_audio/alafasy-Sayfa326.mp3,public://quran_images/sayfa-326.png,13,,
Sayfa 327,327,1,public://quran_audio/alafasy-Sayfa327.mp3,public://quran_images/sayfa-327.png,15,,
Sayfa 328,328,1,public://quran_audio/alafasy-Sayfa328.mp3,public://quran_images/sayfa-328.png,9,,
Sayfa 329,329,1,public://quran_audio/alafasy-Sayfa329.mp3,public://quran_images/sayfa-329.png,9,,
Sayfa 330,330,1,public://quran_audio/alafasy-Sayfa330.mp3,public://quran_images/sayfa-330.png,11,,
Sayfa 331,331,1,public://quran_audio/alafasy-Sayfa331.mp3,public://quran_images/sayfa-331.png,11,,
Sayfa 332,332,1,public://quran_audio/alafasy-Sayfa332.mp3,public://quran_images/sayfa-332.png,5,,
Sayfa 333,333,1,public://quran_audio/alafasy-Sayfa333.mp3,public://quran_images/sayfa-333.png,10,,
Sayfa 334,334,1,public://quran_audio/alafasy-Sayfa334.mp3,public://quran_images/sayfa-334.png,8,,
Sayfa 335,335,1,public://quran_audio/alafasy-Sayfa335.mp3,public://quran_images/sayfa-335.png,7,,
Sayfa 336,336,1,public://quran_audio/alafasy-Sayfa336.mp3,public://quran_images/sayfa-336.png,8,,
Sayfa 337,337,1,public://quran_audio/alafasy-Sayfa337.mp3,public://quran_images/sayfa-337.png,8,,
Sayfa 338,338,1,public://quran_audio/alafasy-Sayfa338.mp3,public://quran_images/sayfa-338.png,9,,
Sayfa 339,339,1,public://quran_audio/alafasy-Sayfa339.mp3,public://quran_images/sayfa-339.png,9,,
Sayfa 340,340,1,public://quran_audio/alafasy-Sayfa340.mp3,public://quran_images/sayfa-340.png,8,,
Sayfa 341,341,1,public://quran_audio/alafasy-Sayfa341.mp3,public://quran_images/sayfa-341.png,6,,
Sayfa 342,342,1,public://quran_audio/alafasy-Sayfa342.mp3,public://quran_images/sayfa-342.png,17,,
Sayfa 343,343,1,public://quran_audio/alafasy-Sayfa343.mp3,public://quran_images/sayfa-343.png,10,,
Sayfa 344,344,1,public://quran_audio/alafasy-Sayfa344.mp3,public://quran_images/sayfa-344.png,15,,
Sayfa 345,345,1,public://quran_audio/alafasy-Sayfa345.mp3,public://quran_images/sayfa-345.png,17,,
Sayfa 346,346,1,public://quran_audio/alafasy-Sayfa346.mp3,public://quran_images/sayfa-346.png,15,,
Sayfa 347,347,1,public://quran_audio/alafasy-Sayfa347.mp3,public://quran_images/sayfa-347.png,15,,
Sayfa 348,348,1,public://quran_audio/alafasy-Sayfa348.mp3,public://quran_images/sayfa-348.png,15,,
Sayfa 349,349,1,public://quran_audio/alafasy-Sayfa349.mp3,public://quran_images/sayfa-349.png,14,,
Sayfa 350,350,1,public://quran_audio/alafasy-Sayfa350.mp3,public://quran_images/sayfa-350.png,10,,
Sayfa 351,351,1,public://quran_audio/alafasy-Sayfa351.mp3,public://quran_images/sayfa-351.png,10,,
Sayfa 352,352,1,public://quran_audio/alafasy-Sayfa352.mp3,public://quran_images/sayfa-352.png,7,,
Sayfa 353,353,1,public://quran_audio/alafasy-Sayfa353.mp3,public://quran_images/sayfa-353.png,4,,
Sayfa 354,354,1,public://quran_audio/alafasy-Sayfa354.mp3,public://quran_images/sayfa-354.png,5,,
Sayfa 355,355,1,public://quran_audio/alafasy-Sayfa355.mp3,public://quran_images/sayfa-355.png,7,,
Sayfa 356,356,1,public://quran_audio/alafasy-Sayfa356.mp3,public://quran_images/sayfa-356.png,10,,
Sayfa 357,357,1,public://quran_audio/alafasy-Sayfa357.mp3,public://quran_images/sayfa-357.png,5,,
Sayfa 358,358,1,public://quran_audio/alafasy-Sayfa358.mp3,public://quran_images/sayfa-358.png,3,,
Sayfa 359,359,1,public://quran_audio/alafasy-Sayfa359.mp3,public://quran_images/sayfa-359.png,5,,
Sayfa 360,360,1,public://quran_audio/alafasy-Sayfa360.mp3,public://quran_images/sayfa-360.png,9,,
Sayfa 361,361,1,public://quran_audio/alafasy-Sayfa361.mp3,public://quran_images/sayfa-361.png,9,,
Sayfa 362,362,1,public://quran_audio/alafasy-Sayfa362.mp3,public://quran_images/sayfa-362.png,12,,
Sayfa 363,363,1,public://quran_audio/alafasy-Sayfa363.mp3,public://quran_images/sayfa-363.png,11,,
Sayfa 364,364,1,public://quran_audio/alafasy-Sayfa364.mp3,public://quran_images/sayfa-364.png,12,,
Sayfa 365,365,1,public://quran_audio/alafasy-Sayfa365.mp3,public://quran_images/sayfa-365.png,12,,
Sayfa 366,366,1,public://quran_audio/alafasy-Sayfa366.mp3,public://quran_images/sayfa-366.png,10,,
Sayfa 367,367,1,public://quran_audio/alafasy-Sayfa367.mp3,public://quran_images/sayfa-367.png,19,,
Sayfa 368,368,1,public://quran_audio/alafasy-Sayfa368.mp3,public://quran_images/sayfa-368.png,20,,
Sayfa 369,369,1,public://quran_audio/alafasy-Sayfa369.mp3,public://quran_images/sayfa-369.png,21,,
Sayfa 370,370,1,public://quran_audio/alafasy-Sayfa370.mp3,public://quran_images/sayfa-370.png,23,,
Sayfa 371,371,1,public://quran_audio/alafasy-Sayfa371.mp3,public://quran_images/sayfa-371.png,28,,
Sayfa 372,372,1,public://quran_audio/alafasy-Sayfa372.mp3,public://quran_images/sayfa-372.png,25,,
Sayfa 373,373,1,public://quran_audio/alafasy-Sayfa373.mp3,public://quran_images/sayfa-373.png,23,,
Sayfa 374,374,1,public://quran_audio/alafasy-Sayfa374.mp3,public://quran_images/sayfa-374.png,24,,
Sayfa 375,375,1,public://quran_audio/alafasy-Sayfa375.mp3,public://quran_images/sayfa-375.png,23,,
Sayfa 376,376,1,public://quran_audio/alafasy-Sayfa376.mp3,public://quran_images/sayfa-376.png,21,,
Sayfa 377,377,1,public://quran_audio/alafasy-Sayfa377.mp3,public://quran_images/sayfa-377.png,13,,
Sayfa 378,378,1,public://quran_audio/alafasy-Sayfa378.mp3,public://quran_images/sayfa-378.png,9,,
Sayfa 379,379,1,public://quran_audio/alafasy-Sayfa379.mp3,public://quran_images/sayfa-379.png,13,,
Sayfa 380,380,1,public://quran_audio/alafasy-Sayfa380.mp3,public://quran_images/sayfa-380.png,9,,
Sayfa 381,381,1,public://quran_audio/alafasy-Sayfa381.mp3,public://quran_images/sayfa-381.png,11,,
Sayfa 382,382,1,public://quran_audio/alafasy-Sayfa382.mp3,public://quran_images/sayfa-382.png,8,,
Sayfa 383,383,1,public://quran_audio/alafasy-Sayfa383.mp3,public://quran_images/sayfa-383.png,13,,
Sayfa 384,384,1,public://quran_audio/alafasy-Sayfa384.mp3,public://quran_images/sayfa-384.png,12,,
Sayfa 385,385,1,public://quran_audio/alafasy-Sayfa385.mp3,public://quran_images/sayfa-385.png,10,,
Sayfa 386,386,1,public://quran_audio/alafasy-Sayfa386.mp3,public://quran_images/sayfa-386.png,8,,
Sayfa 387,387,1,public://quran_audio/alafasy-Sayfa387.mp3,public://quran_images/sayfa-387.png,8,,
Sayfa 388,388,1,public://quran_audio/alafasy-Sayfa388.mp3,public://quran_images/sayfa-388.png,7,,
Sayfa 389,389,1,public://quran_audio/alafasy-Sayfa389.mp3,public://quran_images/sayfa-389.png,7,,
Sayfa 390,390,1,public://quran_audio/alafasy-Sayfa390.mp3,public://quran_images/sayfa-390.png,8,,
Sayfa 391,391,1,public://quran_audio/alafasy-Sayfa391.mp3,public://quran_images/sayfa-391.png,7,,
Sayfa 392,392,1,public://quran_audio/alafasy-Sayfa392.mp3,public://quran_images/sayfa-392.png,9,,
Sayfa 393,393,1,public://quran_audio/alafasy-Sayfa393.mp3,public://quran_images/sayfa-393.png,11,,
Sayfa 394,394,1,public://quran_audio/alafasy-Sayfa394.mp3,public://quran_images/sayfa-394.png,7,,
Sayfa 395,395,1,public://quran_audio/alafasy-Sayfa395.mp3,public://quran_images/sayfa-395.png,7,,
Sayfa 396,396,1,public://quran_audio/alafasy-Sayfa396.mp3,public://quran_images/sayfa-396.png,10,,
Sayfa 397,397,1,public://quran_audio/alafasy-Sayfa397.mp3,public://quran_images/sayfa-397.png,8,,
Sayfa 398,398,1,public://quran_audio/alafasy-Sayfa398.mp3,public://quran_images/sayfa-398.png,9,,
Sayfa 399,399,1,public://quran_audio/alafasy-Sayfa399.mp3,public://quran_images/sayfa-399.png,7,,
Sayfa 400,400,1,public://quran_audio/alafasy-Sayfa400.mp3,public://quran_images/sayfa-400.png,8,,
Sayfa 401,401,1,public://quran_audio/alafasy-Sayfa401.mp3,public://quran_images/sayfa-401.png,7,,
Sayfa 402,402,1,public://quran_audio/alafasy-Sayfa402.mp3,public://quran_images/sayfa-402.png,7,,
Sayfa 403,403,1,public://quran_audio/alafasy-Sayfa403.mp3,public://quran_images/sayfa-403.png,11,,
Sayfa 404,404,1,public://quran_audio/alafasy-Sayfa404.mp3,public://quran_images/sayfa-404.png,11,,
Sayfa 405,405,1,public://quran_audio/alafasy-Sayfa405.mp3,public://quran_images/sayfa-405.png,10,,
Sayfa 406,406,1,public://quran_audio/alafasy-Sayfa406.mp3,public://quran_images/sayfa-406.png,9,,
Sayfa 407,407,1,public://quran_audio/alafasy-Sayfa407.mp3,public://quran_images/sayfa-407.png,8,,
Sayfa 408,408,1,public://quran_audio/alafasy-Sayfa408.mp3,public://quran_images/sayfa-408.png,9,,
Sayfa 409,409,1,public://quran_audio/alafasy-Sayfa409.mp3,public://quran_images/sayfa-409.png,9,,
Sayfa 410,410,1,public://quran_audio/alafasy-Sayfa410.mp3,public://quran_images/sayfa-410.png,10,,
Sayfa 411,411,1,public://quran_audio/alafasy-Sayfa411.mp3,public://quran_images/sayfa-411.png,11,,
Sayfa 412,412,1,public://quran_audio/alafasy-Sayfa412.mp3,public://quran_images/sayfa-412.png,8,,
Sayfa 413,413,1,public://quran_audio/alafasy-Sayfa413.mp3,public://quran_images/sayfa-413.png,9,,
Sayfa 414,414,1,public://quran_audio/alafasy-Sayfa414.mp3,public://quran_images/sayfa-414.png,6,,
Sayfa 415,415,1,public://quran_audio/alafasy-Sayfa415.mp3,public://quran_images/sayfa-415.png,11,,
Sayfa 416,416,1,public://quran_audio/alafasy-Sayfa416.mp3,public://quran_images/sayfa-416.png,9,,
Sayfa 417,417,1,public://quran_audio/alafasy-Sayfa417.mp3,public://quran_images/sayfa-417.png,10,,
Sayfa 418,418,1,public://quran_audio/alafasy-Sayfa418.mp3,public://quran_images/sayfa-418.png,6,,
Sayfa 419,419,1,public://quran_audio/alafasy-Sayfa419.mp3,public://quran_images/sayfa-419.png,9,,
Sayfa 420,420,1,public://quran_audio/alafasy-Sayfa420.mp3,public://quran_images/sayfa-420.png,7,,
Sayfa 421,421,1,public://quran_audio/alafasy-Sayfa421.mp3,public://quran_images/sayfa-421.png,8,,
Sayfa 422,422,1,public://quran_audio/alafasy-Sayfa422.mp3,public://quran_images/sayfa-422.png,5,,
Sayfa 423,423,1,public://quran_audio/alafasy-Sayfa423.mp3,public://quran_images/sayfa-423.png,8,,
Sayfa 424,424,1,public://quran_audio/alafasy-Sayfa424.mp3,public://quran_images/sayfa-424.png,7,,
Sayfa 425,425,1,public://quran_audio/alafasy-Sayfa425.mp3,public://quran_images/sayfa-425.png,4,,
Sayfa 426,426,1,public://quran_audio/alafasy-Sayfa426.mp3,public://quran_images/sayfa-426.png,8,,
Sayfa 427,427,1,public://quran_audio/alafasy-Sayfa427.mp3,public://quran_images/sayfa-427.png,11,,
Sayfa 428,428,1,public://quran_audio/alafasy-Sayfa428.mp3,public://quran_images/sayfa-428.png,7,,
Sayfa 429,429,1,public://quran_audio/alafasy-Sayfa429.mp3,public://quran_images/sayfa-429.png,7,,
Sayfa 430,430,1,public://quran_audio/alafasy-Sayfa430.mp3,public://quran_images/sayfa-430.png,8,,
Sayfa 431,431,1,public://quran_audio/alafasy-Sayfa431.mp3,public://quran_images/sayfa-431.png,9,,
Sayfa 432,432,1,public://quran_audio/alafasy-Sayfa432.mp3,public://quran_images/sayfa-432.png,8,,
Sayfa 433,433,1,public://quran_audio/alafasy-Sayfa433.mp3,public://quran_images/sayfa-433.png,9,,
Sayfa 434,434,1,public://quran_audio/alafasy-Sayfa434.mp3,public://quran_images/sayfa-434.png,9,,
Sayfa 435,435,1,public://quran_audio/alafasy-Sayfa435.mp3,public://quran_images/sayfa-435.png,8,,
Sayfa 436,436,1,public://quran_audio/alafasy-Sayfa436.mp3,public://quran_images/sayfa-436.png,7,,
Sayfa 437,437,1,public://quran_audio/alafasy-Sayfa437.mp3,public://quran_images/sayfa-437.png,12,,
Sayfa 438,438,1,public://quran_audio/alafasy-Sayfa438.mp3,public://quran_images/sayfa-438.png,8,,
Sayfa 439,439,1,public://quran_audio/alafasy-Sayfa439.mp3,public://quran_images/sayfa-439.png,6,,
Sayfa 440,440,1,public://quran_audio/alafasy-Sayfa440.mp3,public://quran_images/sayfa-440.png,13,,
Sayfa 441,441,1,public://quran_audio/alafasy-Sayfa441.mp3,public://quran_images/sayfa-441.png,15,,
Sayfa 442,442,1,public://quran_audio/alafasy-Sayfa442.mp3,public://quran_images/sayfa-442.png,13,,
Sayfa 443,443,1,public://quran_audio/alafasy-Sayfa443.mp3,public://quran_images/sayfa-443.png,14,,
Sayfa 444,444,1,public://quran_audio/alafasy-Sayfa444.mp3,public://quran_images/sayfa-444.png,16,,
Sayfa 445,445,1,public://quran_audio/alafasy-Sayfa445.mp3,public://quran_images/sayfa-445.png,13,,
Sayfa 446,446,1,public://quran_audio/alafasy-Sayfa446.mp3,public://quran_images/sayfa-446.png,24,,
Sayfa 447,447,1,public://quran_audio/alafasy-Sayfa447.mp3,public://quran_images/sayfa-447.png,27,,
Sayfa 448,448,1,public://quran_audio/alafasy-Sayfa448.mp3,public://quran_images/sayfa-448.png,25,,
Sayfa 449,449,1,public://quran_audio/alafasy-Sayfa449.mp3,public://quran_images/sayfa-449.png,26,,
Sayfa 450,450,1,public://quran_audio/alafasy-Sayfa450.mp3,public://quran_images/sayfa-450.png,24,,
Sayfa 451,451,1,public://quran_audio/alafasy-Sayfa451.mp3,public://quran_images/sayfa-451.png,27,,
Sayfa 452,452,1,public://quran_audio/alafasy-Sayfa452.mp3,public://quran_images/sayfa-452.png,29,,
Sayfa 453,453,1,public://quran_audio/alafasy-Sayfa453.mp3,public://quran_images/sayfa-453.png,16,,
Sayfa 454,454,1,public://quran_audio/alafasy-Sayfa454.mp3,public://quran_images/sayfa-454.png,10,,
Sayfa 455,455,1,public://quran_audio/alafasy-Sayfa455.mp3,public://quran_images/sayfa-455.png,16,,
Sayfa 456,456,1,public://quran_audio/alafasy-Sayfa456.mp3,public://quran_images/sayfa-456.png,19,,
Sayfa 457,457,1,public://quran_audio/alafasy-Sayfa457.mp3,public://quran_images/sayfa-457.png,22,,
Sayfa 458,458,1,public://quran_audio/alafasy-Sayfa458.mp3,public://quran_images/sayfa-458.png,10,,
Sayfa 459,459,1,public://quran_audio/alafasy-Sayfa459.mp3,public://quran_images/sayfa-459.png,5,,
Sayfa 460,460,1,public://quran_audio/alafasy-Sayfa460.mp3,public://quran_images/sayfa-460.png,11,,
Sayfa 461,461,1,public://quran_audio/alafasy-Sayfa461.mp3,public://quran_images/sayfa-461.png,10,,
Sayfa 462,462,1,public://quran_audio/alafasy-Sayfa462.mp3,public://quran_images/sayfa-462.png,9,,
Sayfa 463,463,1,public://quran_audio/alafasy-Sayfa463.mp3,public://quran_images/sayfa-463.png,7,,
Sayfa 464,464,1,public://quran_audio/alafasy-Sayfa464.mp3,public://quran_images/sayfa-464.png,9,,
Sayfa 465,465,1,public://quran_audio/alafasy-Sayfa465.mp3,public://quran_images/sayfa-465.png,11,,
Sayfa 466,466,1,public://quran_audio/alafasy-Sayfa466.mp3,public://quran_images/sayfa-466.png,7,,
Sayfa 467,467,1,public://quran_audio/alafasy-Sayfa467.mp3,public://quran_images/sayfa-467.png,8,,
Sayfa 468,468,1,public://quran_audio/alafasy-Sayfa468.mp3,public://quran_images/sayfa-468.png,9,,
Sayfa 469,469,1,public://quran_audio/alafasy-Sayfa469.mp3,public://quran_images/sayfa-469.png,9,,
Sayfa 470,470,1,public://quran_audio/alafasy-Sayfa470.mp3,public://quran_images/sayfa-470.png,8,,
Sayfa 471,471,1,public://quran_audio/alafasy-Sayfa471.mp3,public://quran_images/sayfa-471.png,7,,
Sayfa 472,472,1,public://quran_audio/alafasy-Sayfa472.mp3,public://quran_images/sayfa-472.png,9,,
Sayfa 473,473,1,public://quran_audio/alafasy-Sayfa473.mp3,public://quran_images/sayfa-473.png,9,,
Sayfa 474,474,1,public://quran_audio/alafasy-Sayfa474.mp3,public://quran_images/sayfa-474.png,8,,
Sayfa 475,475,1,public://quran_audio/alafasy-Sayfa475.mp3,public://quran_images/sayfa-475.png,11,,
Sayfa 476,476,1,public://quran_audio/alafasy-Sayfa476.mp3,public://quran_images/sayfa-476.png,8,,
Sayfa 477,477,1,public://quran_audio/alafasy-Sayfa477.mp3,public://quran_images/sayfa-477.png,11,,
Sayfa 478,478,1,public://quran_audio/alafasy-Sayfa478.mp3,public://quran_images/sayfa-478.png,9,,
Sayfa 479,479,1,public://quran_audio/alafasy-Sayfa479.mp3,public://quran_images/sayfa-479.png,9,,
Sayfa 480,480,1,public://quran_audio/alafasy-Sayfa480.mp3,public://quran_images/sayfa-480.png,9,,
Sayfa 481,481,1,public://quran_audio/alafasy-Sayfa481.mp3,public://quran_images/sayfa-481.png,8,,
Sayfa 482,482,1,public://quran_audio/alafasy-Sayfa482.mp3,public://quran_images/sayfa-482.png,8,,
Sayfa 483,483,1,public://quran_audio/alafasy-Sayfa483.mp3,public://quran_images/sayfa-483.png,10,,
Sayfa 484,484,1,public://quran_audio/alafasy-Sayfa484.mp3,public://quran_images/sayfa-484.png,5,,
Sayfa 485,485,1,public://quran_audio/alafasy-Sayfa485.mp3,public://quran_images/sayfa-485.png,7,,
Sayfa 486,486,1,public://quran_audio/alafasy-Sayfa486.mp3,public://quran_images/sayfa-486.png,9,,
Sayfa 487,487,1,public://quran_audio/alafasy-Sayfa487.mp3,public://quran_images/sayfa-487.png,13,,
Sayfa 488,488,1,public://quran_audio/alafasy-Sayfa488.mp3,public://quran_images/sayfa-488.png,7,,
Sayfa 489,489,1,public://quran_audio/alafasy-Sayfa489.mp3,public://quran_images/sayfa-489.png,12,,
Sayfa 490,490,1,public://quran_audio/alafasy-Sayfa490.mp3,public://quran_images/sayfa-490.png,12,,
Sayfa 491,491,1,public://quran_audio/alafasy-Sayfa491.mp3,public://quran_images/sayfa-491.png,11,,
Sayfa 492,492,1,public://quran_audio/alafasy-Sayfa492.mp3,public://quran_images/sayfa-492.png,14,,
Sayfa 493,493,1,public://quran_audio/alafasy-Sayfa493.mp3,public://quran_images/sayfa-493.png,13,,
Sayfa 494,494,1,public://quran_audio/alafasy-Sayfa494.mp3,public://quran_images/sayfa-494.png,13,,
Sayfa 495,495,1,public://quran_audio/alafasy-Sayfa495.mp3,public://quran_images/sayfa-495.png,16,,
Sayfa 496,496,1,public://quran_audio/alafasy-Sayfa496.mp3,public://quran_images/sayfa-496.png,18,,
Sayfa 497,497,1,public://quran_audio/alafasy-Sayfa497.mp3,public://quran_images/sayfa-497.png,21,,
Sayfa 498,498,1,public://quran_audio/alafasy-Sayfa498.mp3,public://quran_images/sayfa-498.png,20,,
Sayfa 499,499,1,public://quran_audio/alafasy-Sayfa499.mp3,public://quran_images/sayfa-499.png,13,,
Sayfa 500,500,1,public://quran_audio/alafasy-Sayfa500.mp3,public://quran_images/sayfa-500.png,9,,
Sayfa 501,501,1,public://quran_audio/alafasy-Sayfa501.mp3,public://quran_images/sayfa-501.png,10,,
Sayfa 502,502,1,public://quran_audio/alafasy-Sayfa502.mp3,public://quran_images/sayfa-502.png,10,,
Sayfa 503,503,1,public://quran_audio/alafasy-Sayfa503.mp3,public://quran_images/sayfa-503.png,9,,
Sayfa 504,504,1,public://quran_audio/alafasy-Sayfa504.mp3,public://quran_images/sayfa-504.png,6,,
Sayfa 505,505,1,public://quran_audio/alafasy-Sayfa505.mp3,public://quran_images/sayfa-505.png,8,,
Sayfa 506,506,1,public://quran_audio/alafasy-Sayfa506.mp3,public://quran_images/sayfa-506.png,7,,
Sayfa 507,507,1,public://quran_audio/alafasy-Sayfa507.mp3,public://quran_images/sayfa-507.png,11,,
Sayfa 508,508,1,public://quran_audio/alafasy-Sayfa508.mp3,public://quran_images/sayfa-508.png,8,,
Sayfa 509,509,1,public://quran_audio/alafasy-Sayfa509.mp3,public://quran_images/sayfa-509.png,10,,
Sayfa 510,510,1,public://quran_audio/alafasy-Sayfa510.mp3,public://quran_images/sayfa-510.png,9,,
Sayfa 511,511,1,public://quran_audio/alafasy-Sayfa511.mp3,public://quran_images/sayfa-511.png,9,,
Sayfa 512,512,1,public://quran_audio/alafasy-Sayfa512.mp3,public://quran_images/sayfa-512.png,6,,
Sayfa 513,513,1,public://quran_audio/alafasy-Sayfa513.mp3,public://quran_images/sayfa-513.png,8,,
Sayfa 514,514,1,public://quran_audio/alafasy-Sayfa514.mp3,public://quran_images/sayfa-514.png,5,,
Sayfa 515,515,1,public://quran_audio/alafasy-Sayfa515.mp3,public://quran_images/sayfa-515.png,5,,
Sayfa 516,516,1,public://quran_audio/alafasy-Sayfa516.mp3,public://quran_images/sayfa-516.png,7,,
Sayfa 517,517,1,public://quran_audio/alafasy-Sayfa517.mp3,public://quran_images/sayfa-517.png,7,,
Sayfa 518,518,1,public://quran_audio/alafasy-Sayfa518.mp3,public://quran_images/sayfa-518.png,15,,
Sayfa 519,519,1,public://quran_audio/alafasy-Sayfa519.mp3,public://quran_images/sayfa-519.png,20,,
Sayfa 520,520,1,public://quran_audio/alafasy-Sayfa520.mp3,public://quran_images/sayfa-520.png,16,,
Sayfa 521,521,1,public://quran_audio/alafasy-Sayfa521.mp3,public://quran_images/sayfa-521.png,24,,
Sayfa 522,522,1,public://quran_audio/alafasy-Sayfa522.mp3,public://quran_images/sayfa-522.png,21,,
Sayfa 523,523,1,public://quran_audio/alafasy-Sayfa523.mp3,public://quran_images/sayfa-523.png,23,,
Sayfa 524,524,1,public://quran_audio/alafasy-Sayfa524.mp3,public://quran_images/sayfa-524.png,17,,
Sayfa 525,525,1,public://quran_audio/alafasy-Sayfa525.mp3,public://quran_images/sayfa-525.png,18,,
Sayfa 526,526,1,public://quran_audio/alafasy-Sayfa526.mp3,public://quran_images/sayfa-526.png,26,,
Sayfa 527,527,1,public://quran_audio/alafasy-Sayfa527.mp3,public://quran_images/sayfa-527.png,18,,
Sayfa 528,528,1,public://quran_audio/alafasy-Sayfa528.mp3,public://quran_images/sayfa-528.png,24,,
Sayfa 529,529,1,public://quran_audio/alafasy-Sayfa529.mp3,public://quran_images/sayfa-529.png,21,,
Sayfa 530,530,1,public://quran_audio/alafasy-Sayfa530.mp3,public://quran_images/sayfa-530.png,22,,
Sayfa 531,531,1,public://quran_audio/alafasy-Sayfa531.mp3,public://quran_images/sayfa-531.png,24,,
Sayfa 532,532,1,public://quran_audio/alafasy-Sayfa532.mp3,public://quran_images/sayfa-532.png,23,,
Sayfa 533,533,1,public://quran_audio/alafasy-Sayfa533.mp3,public://quran_images/sayfa-533.png,28,,
Sayfa 534,534,1,public://quran_audio/alafasy-Sayfa534.mp3,public://quran_images/sayfa-534.png,25,,
Sayfa 535,535,1,public://quran_audio/alafasy-Sayfa535.mp3,public://quran_images/sayfa-535.png,34,,
Sayfa 536,536,1,public://quran_audio/alafasy-Sayfa536.mp3,public://quran_images/sayfa-536.png,26,,
Sayfa 537,537,1,public://quran_audio/alafasy-Sayfa537.mp3,public://quran_images/sayfa-537.png,23,,
Sayfa 538,538,1,public://quran_audio/alafasy-Sayfa538.mp3,public://quran_images/sayfa-538.png,8,,
Sayfa 539,539,1,public://quran_audio/alafasy-Sayfa539.mp3,public://quran_images/sayfa-539.png,7,,
Sayfa 540,540,1,public://quran_audio/alafasy-Sayfa540.mp3,public://quran_images/sayfa-540.png,6,,
Sayfa 541,541,1,public://quran_audio/alafasy-Sayfa541.mp3,public://quran_images/sayfa-541.png,5,,
Sayfa 542,542,1,public://quran_audio/alafasy-Sayfa542.mp3,public://quran_images/sayfa-542.png,6,,
Sayfa 543,543,1,public://quran_audio/alafasy-Sayfa543.mp3,public://quran_images/sayfa-543.png,5,,
Sayfa 544,544,1,public://quran_audio/alafasy-Sayfa544.mp3,public://quran_images/sayfa-544.png,10,,
Sayfa 545,545,1,public://quran_audio/alafasy-Sayfa545.mp3,public://quran_images/sayfa-545.png,4,,
Sayfa 546,546,1,public://quran_audio/alafasy-Sayfa546.mp3,public://quran_images/sayfa-546.png,6,,
Sayfa 547,547,1,public://quran_audio/alafasy-Sayfa547.mp3,public://quran_images/sayfa-547.png,7,,
Sayfa 548,548,1,public://quran_audio/alafasy-Sayfa548.mp3,public://quran_images/sayfa-548.png,8,,
Sayfa 549,549,1,public://quran_audio/alafasy-Sayfa549.mp3,public://quran_images/sayfa-549.png,5,,
Sayfa 550,550,1,public://quran_audio/alafasy-Sayfa550.mp3,public://quran_images/sayfa-550.png,6,,
Sayfa 551,551,1,public://quran_audio/alafasy-Sayfa551.mp3,public://quran_images/sayfa-551.png,7,,
Sayfa 552,552,1,public://quran_audio/alafasy-Sayfa552.mp3,public://quran_images/sayfa-552.png,9,,
Sayfa 553,553,1,public://quran_audio/alafasy-Sayfa553.mp3,public://quran_images/sayfa-553.png,8,,
Sayfa 554,554,1,public://quran_audio/alafasy-Sayfa554.mp3,public://quran_images/sayfa-554.png,7,,
Sayfa 555,555,1,public://quran_audio/alafasy-Sayfa555.mp3,public://quran_images/sayfa-555.png,7,,
Sayfa 556,556,1,public://quran_audio/alafasy-Sayfa556.mp3,public://quran_images/sayfa-556.png,9,,
Sayfa 557,557,1,public://quran_audio/alafasy-Sayfa557.mp3,public://quran_images/sayfa-557.png,9,,
Sayfa 558,558,1,public://quran_audio/alafasy-Sayfa558.mp3,public://quran_images/sayfa-558.png,5,,
Sayfa 559,559,1,public://quran_audio/alafasy-Sayfa559.mp3,public://quran_images/sayfa-559.png,7,,
Sayfa 560,560,1,public://quran_audio/alafasy-Sayfa560.mp3,public://quran_images/sayfa-560.png,7,,
Sayfa 561,561,1,public://quran_audio/alafasy-Sayfa561.mp3,public://quran_images/sayfa-561.png,5,,
Sayfa 562,562,1,public://quran_audio/alafasy-Sayfa562.mp3,public://quran_images/sayfa-562.png,12,,
Sayfa 563,563,1,public://quran_audio/alafasy-Sayfa563.mp3,public://quran_images/sayfa-563.png,14,,
Sayfa 564,564,1,public://quran_audio/alafasy-Sayfa564.mp3,public://quran_images/sayfa-564.png,20,,
Sayfa 565,565,1,public://quran_audio/alafasy-Sayfa565.mp3,public://quran_images/sayfa-565.png,26,,
Sayfa 566,566,1,public://quran_audio/alafasy-Sayfa566.mp3,public://quran_images/sayfa-566.png,18,,
Sayfa 567,567,1,public://quran_audio/alafasy-Sayfa567.mp3,public://quran_images/sayfa-567.png,27,,
Sayfa 568,568,1,public://quran_audio/alafasy-Sayfa568.mp3,public://quran_images/sayfa-568.png,27,,
Sayfa 569,569,1,public://quran_audio/alafasy-Sayfa569.mp3,public://quran_images/sayfa-569.png,30,,
Sayfa 570,570,1,public://quran_audio/alafasy-Sayfa570.mp3,public://quran_images/sayfa-570.png,14,,
Sayfa 571,571,1,public://quran_audio/alafasy-Sayfa571.mp3,public://quran_images/sayfa-571.png,18,,
Sayfa 572,572,1,public://quran_audio/alafasy-Sayfa572.mp3,public://quran_images/sayfa-572.png,13,,
Sayfa 573,573,1,public://quran_audio/alafasy-Sayfa573.mp3,public://quran_images/sayfa-573.png,15,,
Sayfa 574,574,1,public://quran_audio/alafasy-Sayfa574.mp3,public://quran_images/sayfa-574.png,19,,
Sayfa 575,575,1,public://quran_audio/alafasy-Sayfa575.mp3,public://quran_images/sayfa-575.png,19,,
Sayfa 576,576,1,public://quran_audio/alafasy-Sayfa576.mp3,public://quran_images/sayfa-576.png,29,,
Sayfa 577,577,1,public://quran_audio/alafasy-Sayfa577.mp3,public://quran_images/sayfa-577.png,28,,
Sayfa 578,578,1,public://quran_audio/alafasy-Sayfa578.mp3,public://quran_images/sayfa-578.png,26,,
Sayfa 579,579,1,public://quran_audio/alafasy-Sayfa579.mp3,public://quran_images/sayfa-579.png,20,,
Sayfa 580,580,1,public://quran_audio/alafasy-Sayfa580.mp3,public://quran_images/sayfa-580.png,25,,
Sayfa 581,581,1,public://quran_audio/alafasy-Sayfa581.mp3,public://quran_images/sayfa-581.png,31,,
Sayfa 582,582,1,public://quran_audio/alafasy-Sayfa582.mp3,public://quran_images/sayfa-582.png,30,,
Sayfa 583,583,1,public://quran_audio/alafasy-Sayfa583.mp3,public://quran_images/sayfa-583.png,26,,
Sayfa 584,584,1,public://quran_audio/alafasy-Sayfa584.mp3,public://quran_images/sayfa-584.png,30,,
Sayfa 585,585,1,public://quran_audio/alafasy-Sayfa585.mp3,public://quran_images/sayfa-585.png,40,,
Sayfa 586,586,1,public://quran_audio/alafasy-Sayfa586.mp3,public://quran_images/sayfa-586.png,31,,
Sayfa 587,587,1,public://quran_audio/alafasy-Sayfa587.mp3,public://quran_images/sayfa-587.png,23,,
Sayfa 588,588,1,public://quran_audio/alafasy-Sayfa588.mp3,public://quran_images/sayfa-588.png,29,,
Sayfa 589,589,1,public://quran_audio/alafasy-Sayfa589.mp3,public://quran_images/sayfa-589.png,27,,
Sayfa 590,590,1,public://quran_audio/alafasy-Sayfa590.mp3,public://quran_images/sayfa-590.png,23,,
Sayfa 591,591,1,public://quran_audio/alafasy-Sayfa591.mp3,public://quran_images/sayfa-591.png,27,,
Sayfa 592,592,1,public://quran_audio/alafasy-Sayfa592.mp3,public://quran_images/sayfa-592.png,31,,
Sayfa 593,593,1,public://quran_audio/alafasy-Sayfa593.mp3,public://quran_images/sayfa-593.png,26,,
Sayfa 594,594,1,public://quran_audio/alafasy-Sayfa594.mp3,public://quran_images/sayfa-594.png,26,,
Sayfa 595,595,1,public://quran_audio/alafasy-Sayfa595.mp3,public://quran_images/sayfa-595.png,26,,
Sayfa 596,596,1,public://quran_audio/alafasy-Sayfa596.mp3,public://quran_images/sayfa-596.png,25,,
Sayfa 597,597,1,public://quran_audio/alafasy-Sayfa597.mp3,public://quran_images/sayfa-597.png,26,,
Sayfa 598,598,1,public://quran_audio/alafasy-Sayfa598.mp3,public://quran_images/sayfa-598.png,17,,
Sayfa 599,599,1,public://quran_audio/alafasy-Sayfa599.mp3,public://quran_images/sayfa-599.png,16,,
Sayfa 600,600,1,public://quran_audio/alafasy-Sayfa600.mp3,public://quran_images/sayfa-600.png,25,,
Sayfa 601,601,1,public://quran_audio/alafasy-Sayfa601.mp3,public://quran_images/sayfa-601.png,17,,
Sayfa 602,602,1,public://quran_audio/alafasy-Sayfa602.mp3,public://quran_images/sayfa-602.png,14,,
Sayfa 603,603,1,public://quran_audio/alafasy-Sayfa603.mp3,public://quran_images/sayfa-603.png,14,,
Sayfa 604,604,1,public://quran_audio/alafasy-Sayfa604.mp3,public://quran_images/sayfa-604.png,15,,
